Ticker,ISIN Code,Company Name,12/31/2018
A,US00846U1016,Agilent Technologies Inc.,0.10244%
AA,US0138171014,Alcoa Inc,
AAL,US02376R1023,American Airlines Group Inc,0.06315%
AAL (Alex),US0144761055,Alexander & Alexander Services Inc,
AAP,US00751Y1064,Advance Auto Parts Inc,0.05418%
AAPL,US0378331005,Apple Inc.,3.38211%
ABBV,US00287Y1091,AbbVie Inc.,0.65931%
ABC,US03073E1055,AmerisourceBergen Corp.,0.05551%
ABC (Bro.),US0247351028,American Broadcasting Cos Inc,
ABI,US0381491002,Applied Biosystems Inc.,
AMBC,US0231398845,Ambac Financial Group Inc.,
ABS,US0131041040,Albertson's Inc.,
ABT,US0028241000,Abbott Laboratories,0.60445%
ABX,CA0679011084,Barrick Gold Corp.,
ACAS,US02503Y1038,American Capital Ltd,
ACF (ACF),US00099V0045,ACF Industries Inc,
ACKH,US0423841073,Armstrong Holding Inc,
ACN,IE00B4BNMY34,Accenture plc,0.42736%
ACS,US0081901003,Affiliated Computer Services,
ACV,US0130781000,Alberto-Culver Co.,
ACY,US0253211009,American Cyanamid Co,
AD (Ams),US0321771075,Amsted Industries Inc,
ADBE,US00724F1012,Adobe Systems Inc.,0.52513%
ADCT,US0008863096,ADC Telecommunications Inc,
ADI,US0326541051,Analog Devices Inc.,0.15094%
ADM,US0394831020,Archer-Daniels-Midland Co.,0.10934%
ADP,US0530151036,Automatic Data Processing Inc,0.27309%
SXCL,US8581222036,Steel Excel Inc,
ADS,US0185811082,Alliance Data Systems Corp.,0.03332%
ADSK,US0527691069,Autodesk Inc.,0.13402%
ADT,US00101J1060,ADT Corp.,
AEE,US0236081024,Ameren Corp.,0.07598%
AEP,US0255371017,American Electric Power Company Inc,0.17536%
AES,US00130H1059,AES Corp.,0.04531%
AET,US00817Y1082,Aetna Inc.,
AFL,US0010551028,AFLAC Inc.,0.16482%
AFN,US0309011023,Amerifin Corp,
AFS.A,US0460081088,Associates First Capital Corp,
AGC,US0263511067,American General Insurance Co,
AGM (Ama),US0227711092,Amalgamated Sugar Co,
AGN,IE00BY9D5467,Allergan plc,0.20159%
AGN (Old),US0184901025,Allergan Inc. (Old),
AH (All),US0196455069,Allis Chalmers Corp,
AHM,US0086771062,H. F. Ahmanson & Co.,
AHS,US0266811068,American Hospital Supply Corp,
AIG,US0268747849,AIG Inc.,0.16368%
AIT (Ame),US0309541011,Ameritech Corp.,
AIV,US03748R1014,Aimco,0.03313%
AIZ,US04621X1081,Assurant Inc.,0.02176%
AKAM,US00971T1016,Akamai Technologies Inc.,0.04702%
AKS,US0015471081,AK Steel Holding Corp.,
AL (Alc),CA0137161059,Alcan Inc.,
ALL,US0200021014,Allstate Corp.,0.13521%
ALLE,IE00BFRT3W74,Allegion Plc,0.03655%
ALS (All),US0195190089,Allied Stores Corp,
ALTR (Alt),US0214411003,Altera Corp.,
ALXN,US0153511094,Alexion Pharmaceuticals Inc,0.10386%
AM,US0263751051,American Greetings Corp,
AMAT,US0382221051,Applied Materials Inc.,0.15326%
AMCC,US03822W4069,Applied Micro Circuits Corp.,
AMD,US0079031078,Advanced Micro Devices Inc,0.07724%
AME,US0311001004,AMETEK Inc,0.07494%
AMF,US0016881007,AMF Inc,
AMG,US0082521081,Affiliated Managers Group Inc,0.02364%
AMGN,US0311621009,Amgen Inc.,0.58989%
AMH (Amd),US0239051024,Amdahl Corp.,
AMI (Ame),US0274281015,American Medical Holdings,
AMO,US0276271089,American Motors Corp,
AMP,US03076C1062,Ameriprise Financial Inc,0.06888%
AMP (Old),US0318971019,Amp Inc.,
AMR (AMR),US0017651060,AMR Corp.,
AMT,US03027X1000,American Tower Corp.,0.33123%
AMT (Acme),US0046261071,Acme-Cleveland Corp,
AMX (AMA),US0231271034,AMAX Inc.,
AMZN,US0231351067,Amazon.com Inc.,2.93407%
AN,US05329W1027,AutoNation Inc.,
AN (Amoco),US0319051027,Amoco Corp.,
ANDW,US0344251089,Andrew Corp.,
ANF,US0028962076,Abercrombie & Fitch Co,
ANR,US02076X1028,Alpha Natural Resources Inc,
ANR (Ame),US0286091055,American Natural Resource Co,
ANTM,US0367521038,Anthem Inc.,0.32255%
ANV,US0078691005,Aeroquip Vickers Inc,
AON,GB00B5BT0K07,Aon plc,0.16588%
APA,US0374111054,Apache Corp,0.04619%
APC,US0325111070,Anadarko Petroleum Corp.,0.10519%
APC (Alpha),US8311752039,Alpha Portland Inds Inc,
APCC,US0290661075,American Power Conversion Corp,
APD,US0091581068,Air Products & Chemicals Inc,0.16718%
APH,US0320951017,Amphenol Corp.,0.11616%
APOL,US0376041051,Apollo Education Group,
AR (Asa),US0434131035,Asarco Inc.,
ARC (Atl),US0488251036,Atlantic Richfield Co,
ARG,US0093631028,Airgas Inc.,
ARMK,US03852U1060,Aramark Corp,
AS,US0421701006,Armco Inc.,
ASA,USG3156P1033,ASA Gold & Precious Metals Ltd,
ASC (Ame),US0300961010,American Stores Co.,
ASH,US0441861046,Ashland Global Holdings Inc,
ASN,US0395831094,Archstone-Smith Trust,
ASND,US0434911097,Ascend Comm's Inc,
ASO,US0321651020,AmSouth Bancorp,
ASR,US0321730071,AMSTAR Corp,
AST (Ame),US0297171052,American Standard,
AT (All),US0200391037,Alltel Corp,
ATI,US01741R1023,Allegheny Technologies Inc.,
ATI (AirT),US00949T1007,Airtouch Communications Inc.,
ATVI,US00507V1098,Activision Blizzard Inc,0.16908%
AV,US0534991098,Avaya Inc.,
AVB,US0534841012,AvalonBay Communities,0.11470%
AVGO,US11135F1012,Broadcom Ltd,0.49992%
AVP,US0543031027,Avon Products Inc,
AVY,US0536111091,Avery Dennison Corp,0.03712%
AW,US0195893088,Allied Waste Industries Inc.,
AWE,US00209A1060,AT&T Wireless,
AWK,US0304201033,American Water Works Inc,0.07801%
AXO,US0102021096,Akzona Inc,
AXP,US0258161092,American Express Co,0.31742%
AYE,US0173611064,Allegheny Energy Inc.,
AZA.A,US0226151084,ALZA Corp.,
AZO,US0533321024,AutoZone Inc,0.10059%
BA,US0970231058,Boeing Co.,0.81009%
BAC,US0605051046,Bank of America Corp.,1.07010%
BAC (Old),US0660501059,BankAmerica Corp. (Old),
BAX,US0718131099,Baxter International Inc.,0.15473%
BAY,US0725101002,Bay Networks Inc.,
BBBY,US0758961009,Bed Bath & Beyond Inc,
BBI (Bar),US0680551027,Barnett Banks Inc.,
BBL,US0952931063,Blue Bell Inc,
BBT,US0549371070,BB&T Corp.,0.15946%
BBY,US0865161014,Best Buy Co. Inc.,0.05900%
BC,US1170431092,Brunswick Corp.,
BCO,US1096961040,Brinks Co.,
BCR,US0673831097,C. R. Bard Inc,
BCW,US0553829310,Becor Western Inc,
BDK,US0917971006,Black & Decker Manufacturing,
BDX,US0758871091,Becton Dickinson & Co,0.28759%
BEAM (Sun),US0737301038,Beam Suntory Inc,
BEC (Bec),US0758111092,Beckman Instruments Inc,
BEL (Bel),US0774551032,Belden Corp,
BEN,US3546131018,Franklin Resources Inc,0.04200%
BEV,US0878513094,Beverly Enterprises Inc.,
BF.B,US1156372096,Brown-Forman Corp.,0.03717%
BFI,US1158851055,Browning Ferris Industries Inc,
BFO,US08658U1016,BestFoods,
BGEN,US0905971059,Biogen NV,
BGG,US1090431099,Briggs & Stratton Corp,
BHGE,US05722G1004,Baker Hughes Inc,0.05273%
BIG,US0893021032,Big Lots Inc.,
BIIB,US09062X1037,Biogen Idec Inc,0.28848%
BJS,US0554821035,BJ Services Co.,
BK,US0640581007,Bank of New York Mellon Corp,0.20374%
BKB,US06605R1068,Bankboston Corp.,
BKI (Bek),US0772661049,Beker Industries Corp,
BKO,US0572241075,Baker International Corp,
BLK,US09247X1019,BlackRock Inc,0.22662%
BLL,US0584981064,Ball Corp,0.07333%
BLS,US0798601029,BellSouth Corp.,
BLY,US05873C1062,Bally Entertainment Corp.,
BMMI,US0556071050,BMC Industrial,
BMET,US0906131000,Biomet Inc.,
BMGCA,US0715931079,Battle Mountain Gold Co,
BMS,US0814371052,Bemis Company Inc,
BMY,US1101221083,Bristol-Myers Squibb Co,0.40334%
BNI,US12189T1043,Burlington Northern Santa Fe Corp,
BNL,US0817211024,Beneficial Corp.,
BNSSA,US0559664026,BNS Holding Inc,
BOAT,US0966501068,Boatmens Bancshares Inc.,
BOL,US0717071031,Bausch & Lomb Inc.,
BR (OLD),US1220141030,Burlington Resources,
BRCM,US1113201073,Broadcom Corp.,
BRK,US1118531078,Brockway Inc,
BRK.B,US0846707026,Berkshire Hathaway Inc,1.88895%
BRL,US0683061099,Barr Pharmaceuticals Inc.,
BRNO,US1168812022,Brunos Inc,
BRY (Bea),US0740779345,Beatrice Company,
BS,US0875091052,Bethlehem Steel Corp,
BSC,US0739021089,Bear Stearns Co,
BSET,US0702031040,Bassett Furniture Industries Inc,
BSX,US1011371077,Boston Scientific Corp,0.23269%
BT,US0663651075,Bankers Trust Corp.,
BTU,US7045511000,Peabody Energy Corp,
BU,US4933751095,Brooklyn Union Gas Co,
BUD (Anh),US0352291035,Anheuser-Busch Inc.,
BUR,US1216931055,Burlington Industries Inc,
BV (Blo),US0936761040,Blockbuster Entertainment,
BVSN,US1114127061,BroadVision Inc.,
BWA,US0997241064,BorgWarner Inc,0.03451%
BWN,US1153311006,Brown Company,
BWY (Broa),US1115721037,Broadway Stores Inc,
BX,US0816890026,Bendix Corp,
BXLT,US07177M1036,Baxalta,
BXP,US1011211018,Boston Properties,0.08277%
C,US1729674242,Citigroup Inc.,0.60497%
C (Chrysler),US1711961086,Chrysler Corp.,
CA,US12673P1057,CA Inc,
CAG,US2058871029,ConAgra Brands Inc,0.04935%
CAH,US14149Y1082,Cardinal Health Inc.,0.06291%
CAL,US1295001044,Caleres Inc,
CAM,US13342B1052,Cameron International Corp,
CAT,US1491231015,Caterpillar Inc.,0.35624%
CB,CH0044328745,Chubb Ltd,0.28311%
CB (Old),US1712321017,Chubb Corp. (Old),
CBB (Cal),US1298941014,Caliber System Inc,
CBE,IE00B40K9117,Cooper Industries plc,
CBRE,US12504L1098,CBRE Group Inc,0.06024%
CBH,US2005191067,Commerce Bancorp (New Jersey),
CBK (Con),US2111131056,Continental Bank Corp,
CBL (Cor),US2202911085,Corroon & Black Corp,
CBM (Che),US1653391029,Chesebrough Ponds Inc,
CBS,US1248572026,CBS Corp,0.07010%
CBS (Inc),US1248451080,CBS Inc.,
CBS (Old),US12490K1079,CBS Corp. (Old),
CBSS,US20449H1095,Compass Bancshares Inc,
CC (Circ),US1727371080,Circuit City Stores Inc.,
CCB (Cap),US1398591024,Capital Cities/ABC Inc.,
CCC,US2114521071,Continental Group Inc,
CCE,US19122T1097,Coca-Cola European Partners plc,
CCI,US22822V1017,Crown Castle Int'l Corp.,0.21444%
CCI (Citi),US17399Z9316,Citicorp Inc (Old),
CCK,US2283681060,Crown Holdings Inc,
CCL,PA1436583006,Carnival Corp.,0.09357%
CAR,US0537741052,Avis Budget Group,
CE (Con),US2061971055,Concord EFS Inc.,
CEG,US2103711006,Constellation Energy Group Inc,
CELG,US1510201049,Celgene Corp.,0.21330%
CEM,US16361A1060,Chemfirst Inc,
CEN,US1567791009,Ceridian Corp.,
CEPH,US1567081096,Cephalon Inc.,
CERN,US1567821046,Cerner Corp,0.08223%
CF,US1252691001,CF Industries Holdings Inc.,0.04741%
CF (Char),US1609031000,Charter One Financial Inc,
CFC,US2223721042,Countrywide Financial Corp.,
CFG,US1746101054,Citizens Financial Group Inc,0.06608%
CFL,US2186951040,Corestates Financial Corp.,
CFN,US14170T1016,CareFusion Corp,
CG,US1976480095,Columbia Energy Group,
CGG,US1678981051,Chicago Pneumatic Tool Co,
CGN,US207579100,Connecticut General Corp,
CGP,US1904411055,Coastal Corp.,
CHA,US1585251051,Champion International Corp,
CHD,US1713401024,Church & Dwight Co Inc,0.07769%
CHI,US2278131022,Crouse Hinds Co,
CHIR,US1700401094,Chiron Corp.,
CHK,US1651671075,Chesapeake Energy Corp,
CHM,US1586631046,Champion Spark Plug,
CHRS (Char),US1611331034,Charming Shoppes Inc.,
CHRW,US12541W2098,C.H. Robinson Worldwide Inc,0.05474%
CHU,US1715831079,Church's Fried Chicken Inc,
CI,US1255231003,Cigna Corp.,0.34385%
CIC,US2113271017,Continental Corp,
CIEN,US1717793095,Ciena Corp.,
CIN,US1724741087,Cinergy Corp.,
CINF,US1720621010,Cincinnati Financial Corp,0.05575%
CIT,US1255771065,CIT Group Inc.,
CIT (Fina),12556910,CIT Financial Corp,
CK (Col),US1948281092,Collins & Aikman Corp (Old),
CKL,US1813961026,Clark Equipment Co,
CL,US1941621039,Colgate-Palmolive Co,0.24573%
CLF,US1858991011,Cleveland-Cliffs Inc,
CLL,US20899Z1049,Conoco Inc (Old),
CLN,US1935581033,Coleman Co,
CLO,US1933781064,Coleco Industries,
CLU (Clu),US1894861038,Cluett Peabody & Co Inc,
CLX,US1890541097,Clorox Co,0.09393%
CMA,US2003401070,Comerica Inc.,0.05259%
CMB,US1616101002,Chase Manhattan Corp. (Old),
CMCSA,US20030N1019,Comcast Corp Class A,0.73556%
CMCSK,US20030N2009,Comcast Class A Spec.,
CMCSK (Old),US2003001011,Comcast Corp (Old),
CME,US12572Q1058,CME Group Inc.,0.31989%
CMG,US1696561059,Chipotle Mexican Grill Inc,0.05055%
CMI,US2310211063,Cummins Inc.,0.09347%
CMK,US1434831053,Carnation Company,
CMS,US1258961002,CMS Energy Corp,0.06673%
CMVT,US2058624022,Comverse Technology Inc,
CMX,US1417051034,Caremark Rx,
CNA,US1261171003,CNA Financial Corp,
GNT,US2084641073,Green Tree Financial Corp,
CNG,US2096150048,Consolidated Natural Gas Co,
CNO,US12621E1038,CNO Financial Group,
CNP,US15189T1079,CenterPoint Energy Inc,0.06732%
CNT (Cen),US1513341099,Centel Corp,
CNW,US2059441012,Con-Way Inc.,
CNW (Trans.),US1261371082,C&NW Corp,
CNX,US12653C1080,Consol Energy Inc.,
CNXT,US2071423089,Conexant Systems,
CO,US1654961002,Chessie System Inc,
COC.B,US2082513068,Conoco Inc.,
COE,US2068141058,Cone Mills Corp,
COF,US14040H1059,Capital One Financial Corp,0.17029%
COG,US1270971039,Cabot Oil & Gas Corp,0.04576%
TPR,US8760301072,Tapestry Inc.,0.04714%
COL,US7743411016,Rockwell Collins Inc,
COMS,US8855351040,3Com Corp.,
COP,US20825C1045,ConocoPhillips,0.34120%
COST,US22160K1051,Costco Wholesale Corp,0.42440%
COT,US1968791004,Coltec Industries Inc,
COV,IE00B68SQD29,Covidien Plc,
COX,US2240431096,Cox Communications Inc,
CPB,US1344291091,Campbell Soup Co,0.03071%
CPGX,US1982801094,Columbia Pipeline Group Inc.,
CPN,US1313471062,Calpine Corp.,
CPQ,US2044931002,Compaq Computer Corp,
CPS (Col),US1982791014,Columbia Pictures Industries,
CPWR,US2056381096,Compuware Corp,
CR,US2243991054,Crane Co.,
CRF,US2172101030,Copeland Corp,
CRK (Cam),CA1344111077,Campbell Red Lake Mines Ltd,
CRM,US79466L3024,Salesforce.com Inc,0.49855%
CRR (Con),US2083681005,Conrail Inc.,
CRR (Carr.),US1444651012,Carrier Corp,
CS (Cities),US1730360054,Cities Service Co,
CSC,US2053631048,Computer Sciences Corp.,
CSCO,US17275R1023,Cisco Systems Inc,0.92662%
CSE,US14743R1032,Case Corp.,
CSP,US2002731006,Combustion Engineering Inc,
CSR,US1523571099,Central & South West Corp,
CSRA,US12650T1043,CSRA Inc,
CSX,US1264081035,CSX Corp.,0.23682%
CTAS,US1729081059,Cintas Corp.,0.06931%
CTB,US2168311072,Cooper Tire & Rubber Co.,
CTC,US2109021020,Continental Telecom Inc,
CTCO (Cro),US2274301058,Cross & Trecker Corp,
CTL,US1567001060,CenturyLink Inc.,0.06865%
CTSH,US1924461023,Cognizant Technology Solutions Corp,0.17466%
CTX,US1523121044,Centex Corp.,
CTXS,US1773761002,Citrix Systems Inc,0.06227%
CUE (Qua),US7476331050,Quantum Chemical Corp,
CUL (Cul),US2300321047,Cullinet Software Inc,
CVA,US22282E1029,Covanta Holding Corp,
RMG,US12686C1099,Cablevision Systems Corp.,
CVG,US2124851062,Convergys Corp.,
CVH,US2228621049,Coventry Corp,
CVN (C&S),US12467H1032,C&S/Sovran Corp,
CVN (Comp.),US2055781072,Computervision Corp (Old),
CVS,US1266501006,CVS Health Corp.,0.40283%
CVX,US1667641005,Chevron Corp.,0.98908%
CXO,US20605P1012,Concho Resources Inc,0.09820%
CYM,US2328091036,Cyprus Amax Minerals Co,
CYM (Mines),US2328131055,Cyprus Mines Corp,
CYR,US2252241045,Cray Research Inc,
CZ,US1508431004,Celanese Corp,
D,US25746U1097,Dominion Resources Inc,0.22321%
DAL,US2473617023,Delta Air Lines Inc,0.14745%
DAN,US2358252052,Dana Inc,
DD,US2635341090,DuPont Co,
DDR,US23317H1023,DDR Corp.,
DDS,US2540671011,Dillard's Inc.,
DE,US2441991054,Deere & Co.,0.22850%
DEC,US2538491034,Digital Equipment Corp,
DELL,US24702R1014,Dell Inc,
DEN,US2487031005,Dennys Inc,
DF,US2423702032,Dean Foods Co,
DFS,US2547091080,Discover Financial Services,0.09426%
DG,US2566771059,Dollar General Corp,0.13444%
DG (Dry),US0455731028,Associated Dry Goods Corp,
DGN,US2376881064,Data General Corp.,
DGX,US74834L1008,Quest Diagnostics Inc,0.05379%
DHI,US23331A1097,D.R. Horton Inc,0.05628%
DHR,US2358511028,Danaher Corp.,0.30263%
DI,US2615971080,Dresser Industries Inc.,
DIGI,US2333111092,DSC Communications Corp.,
DIS,US2546871060,Walt Disney Co,0.77668%
DISCA,US25470F1049,Discovery Communications Inc Class A,0.01851%
DISCK,US25470F3029,Discovery Com Class C,0.03953%
DJ,US2605611050,Dow Jones & Co. Inc.,
APTV,JE00B783TY65,Aptiv PLC,0.07643%
DLTR,US2567461080,Dollar Tree Inc,0.10205%
DLX,US2480191012,Deluxe Corp.,
DM (Dom),CA2570751016,Dome Mines Ltd,
DN,US2526691066,Diamond International Corp,
DNB,US26483E1001,Dun & Bradstreet Corp,
DNR,US2479162081,Denbury Resources Inc.,
DO,US25271C1027,Diamond Offshore Drilling Inc,
DOC (Doc),US2561291079,Doctor Pepper Co,
DOV,US2600031080,Dover Corp.,0.04916%
DWDP,US26078J1007,DowDuPont Inc,0.58377%
DPH,US2471261055,Delphi Corp. (Old),
DPS,US26138E1091,Dr Pepper Snapple Group Inc,
DPT,US1494791072,Datapoint Corp,
DRI,US2371941053,Darden Restaurants Inc,0.05947%
DTE,US2333311072,DTE Energy Co.,0.09606%
DTV,US25490A3095,DirecTV,
DUK,US26441C2044,Duke Energy Corp,0.29239%
ATGE,US00737L1035,"DeVry, Inc.",
DVA,US23918K1088,DaVita Inc.,0.03012%
DVN,US25179M1036,Devon Energy Corp.,0.04991%
DWD,US24240V1017,Dean Witter Discover & Co.,
DYN,US26817R1086,Dynegy Inc.,
E,US8935321013,Transco Energy Co,
EA,US2855121099,Electronic Arts Inc,0.11281%
EAF,US2911011037,Emery Air Freight Corp,
EBAY,US2786421030,eBay Inc.,0.12088%
EC,US2928451044,Engelhard Corp.,
ECH,US2787491065,Echlin Inc.,
ECK,US2787631074,Eckerd Corp,
ECL,US2788651006,Ecolab Inc.,0.17864%
ECO,CA2787511021,Echo Bay Mines Ltd,
ED,US2091151041,Consolidated Edison Inc,0.11341%
EDS,US2856611049,Electronic Data Systems Corp,
EFU,US27637F1003,Eastern Enterprises,
EFX,US2944291051,Equifax Inc.,0.05330%
EIX,US2810201077,Edison International,0.08854%
KODK,US2774614067,Eastman Kodak Co.,
EL,US5184391044,Estee Lauder Companies Inc,0.13613%
ELG,US28336Z9343,El Paso Co,
EMC,US2686481027,EMC Corp.,
EMN,US2774321002,Eastman Chemical Co,0.04813%
EMR,US2910111044,Emerson Electric Co,0.17832%
ENDP,IE00BJ3V9050,Endo Int'l plc,
ENRNQ,US2935611069,Enron Corp.,
EOG,US26875P1012,EOG Resources Inc,0.24032%
EOP,US2947411037,Equity Office Properties Trust,
EP,US28336L1098,El Paso Corp.,
EQ,US29078E1055,Embarq Corporation,
EQIX,US29444U7000,Equinix Inc,0.13485%
EQR,US29476L1070,Equity Residential,0.11604%
EQT,US26884L1098,EQT Corp,
ES,US30040W1080,Eversource Energy,0.09807%
ESM,US2964701070,Esmark Inc (Old),
ESRX,US30219G1085,Express Scripts Holding Co,
ESS,US2971781057,Essex Property Trust,0.07694%
ESV,GB00B4VLR192,Ensco plc,
ESY,US2691573016,E-Systems Inc,
ETFC,US2692464017,E*Trade Financial Corp.,0.05298%
ETN,IE00B8KQN827,Eaton Corporation plc,0.14210%
ETR,US29364G1031,Entergy Corp.,0.07404%
ETS,US2936374014,Enterasys Networks Inc.,
EVT,US2940981085,Envirotech Corp,
EVY,US2992091064,Evans Products Co,
EW,US28176E1082,Edwards Lifesciences Corp,0.15209%
EXC,US30161N1019,Exelon Corp.,0.20751%
EXPD,US3021301094,Expeditors Int'l of Washington Inc,0.05508%
EXPE,US30212P3038,Expedia Inc.,0.06280%
EXR,US30225T1025,Extra Space Storage Inc,0.05512%
F,US3453708600,Ford Motor Co,0.14254%
FAST,US3119001044,Fastenal Co.,0.07209%
FB,US30303M1027,Facebook Inc.,1.49819%
FBF,US3390301089,FleetBoston Financial Group Inc,
FBG,US30299Y1029,Faberge Inc,
FBO,US3136931033,Federal Paper Board Inc,
FCF (Fir),US3194411019,First Charter Financial,
FCI,US3036931059,Fairchild Camera & Instrument Corp,
FCN (Fir),US31945A1007,First Chicago NBD Corp,
FCX,US35671D8570,Freeport-McMoRan Inc.,0.06663%
FDC,US32008D1063,First Data Corp.,
FDO,US3070001090,Family Dollar Stores Inc,
FDS (Fed),US3140991023,Federated Department Stores (Old),
FDX,US31428X1063,FedEx Corp,0.18647%
FE,US3379321074,FirstEnergy Corp,0.08688%
FFB,US3201951007,First Fidelity Bancorp,
FFIV,US3156161024,F5 Networks Inc,0.04740%
FG (USF),US9032901046,USF&G Corp,
FHN,US3205171057,First Horizon National Corp,
FHP,US3474611056,Fort Howard Corp (Old),
FII,US3142111034,Federated Investors Inc,
FIN,US3174211058,Financial Corp Of America,
FIR,US3183151089,Firestone Tire & Rubber Co,
FIS,US31620M1062,Fidelity National Information Services Inc,0.16043%
FISV,US3377381088,Fiserv Inc,0.13934%
FITB,US3167731005,Fifth Third Bancorp,0.07260%
FJ,US3474711047,Fort James Corp.,
FJCC,US3131355014,Fedders Corp,
FL,US3448491049,Foot Locker Inc.,0.02909%
FLC,US74912E1010,R&B Falcon Corp,
FLE,US3390991038,Fleetwood Enterprises Inc,
FLIR,US3024451011,FLIR Systems Inc,0.02865%
FLM,US3391301062,Fleming Companies,
FLR,US3434121022,Fluor Corp.,0.02153%
FLS,US34354P1057,Flowserve Corporation,0.02291%
FMC,US3024913036,FMC Corp,0.04794%
FMY,US5929071091,Fred Meyer Inc.,
FN (St.),US7918081081,St. Louisâ€“San Francisco Railway,
FNB (Fir),US3194551012,First Chicago Corp. (Old),
FNMA,US3135861090,Fannie Mae (FNMA),
FO,US3397111036,Flintkote Co,
FOSL,US34988V1061,Fossil Group,
FOX,US90130A2006,Twenty-First Century Fox Inc Class B,0.11074%
FOXA,US90130A1016,Twenty-First Century Fox,0.24167%
FPA,US3360721035,First Pennsylvania Corp,
FPC,US3411090075,Florida Progress Corp,
FRC,US33616C1009,First Republic Bank,
FMCC,US3134003017,Freddie Mac (FHLMC),
FRO (Fro),US35906P1057,Frontier Corp.,
FRT,US3137472060,Federal Realty Investment Trust,0.04164%
FRX,US3458381064,Forest Laboratories Inc,
FSH,US3380322046,Fisher Scientific Int'l,
FSLB,US35687M2061,Freescale Semiconductor Inc,
FSLR,US3364331070,First Solar Inc,
FTI,GB00BDSFG982,TechnipFMC plc,0.03965%
FTL.A,KYG3682L1059,Fruit of The Loom Inc,
FTR,US35906A3068,Frontier Comm's Corp,
FTR (Frue),US4824611002,Fruehauf Corp,
FWLT,CH0018666781,Foster Wheeler AG,
G (Gil),US3757661026,Gillette Co.,
GAO,US3688201066,General American Oil Co,
GAP,US3900641032,The Great Atlantic & Pacific Tea Co,
GAS,US0012041069,AGL Resources Inc.,
GAS (Nico),US6540861076,Nicor Inc.,
GCO,US3715321028,Genesco Inc,
GD,US3695501086,General Dynamics Corp,0.20823%
GDC (Gar),US3655501027,Gardner-Denver Co,
GDT,US4016981056,Guidant Corp,
GDW,US3813171069,Golden West Financial,
GE,US3696041033,General Electric Co,0.31329%
GEB,US3737121083,Gerber Products Co,
GEN (Gen),US37244E1073,GenOn Energy Inc,
GENZ,US3729171047,Genzyme Corp.,
GET,US3742801059,Getty Oil Co,
GF,US3698560006,General Foods Corp,
GFS.A,US3744781051,Giant Food Inc.,
GGP,US36174X1019,GGP Inc,
GHB,US4228841064,Heileman (G.) Brewing Inc,
GHC,US3846371041,Graham Holdings Co,
NLV,US3701201077,NextLevel Systems Inc,
GID,US3750461093,Giddings & Lewis Inc (Old),
GIDL,US3750481059,Giddings & Lewis Inc.,
GILD,US3755581036,Gilead Sciences Inc,0.38501%
GIS,US3703341046,General Mills Inc.,0.11061%
GK (GK ),US3617651001,GK Technologies Inc,
GLD,US8021761072,Santa Fe Pacific Gold Corp.,
GLD (Gould),US3834921054,Gould Inc,
GLK (Chem),US3905681033,Great Lakes Chemical Corp,
GLM,USG3930E1013,Global Marine Inc,
GLW,US2193501051,Corning Inc.,0.11504%
GM,US37045V1008,General Motors Co,0.20891%
GMCR,US49271M1009,Keurig Green Mountain Inc,
GME,US36467W1099,GameStop Corp.,
DNA,US3687103073,Genentech Inc,
GNN,US3910901079,Great Northern Nekoosa Corp,
GNO,US3761091046,Ginos Inc,
GNW,US37247D1063,Genworth Financial Inc.,
GO,US4022371011,Gulf Corp,
GOOG,US02079K1079,Alphabet Inc. Class C,1.51570%
GOOGL,US02079K3059,Alphabet Inc. Class A,1.48611%
GOSHA,US6882222077,OshKosh B'gosh Inc.,
GP,US3732981085,Georgia-Pacific Group,
GPC,US3724601055,Genuine Parts Co,0.06723%
GPS,US3647601083,Gap Inc.,0.02539%
GPT (Gen),US3705140024,General Portland Inc,
GPU,US36225X1000,GPU Inc.,
GQ,US4001811037,Grumman Corp,
GR,US3823881061,Goodrich Corp.,
GRA,US38388F1084,W. R. Grace & Co,
GRH (MGM),US5530121053,MGM Grand Hotels Inc,
GRL,37011810,NextLevel Systems Inc,
GRMN,CH0114405324,Garmin Ltd,0.03642%
GRN,US3705631089,General Re Corp.,
GS,US38141G1040,Goldman Sachs Group Inc,0.27498%
GSX,US3708381047,General Signal Corp,
GT,US3825501014,Goodyear Tire & Rubber Co,0.02254%
GTE (GTE),US3623201031,GTE Corp.,
GTW,US3676261080,Gateway Inc.,
GWF,US3914421009,Great Western Financial Corp,
GWO,US37184G1040,Genesis Worldwide Inc,
GWW,US3848021040,W. W. Grainger Inc,0.06114%
GLBC (Glob),BMG3921A1009,Global Crossing Ltd,
H (Har),US41163G1013,Harcourt General Inc.,
HAL,US4062161017,Halliburton Co.,0.11058%
HAR,US4130861093,Harman Int'l Industries Inc,
HAS,US4180561072,Hasbro Inc.,0.04418%
HBAN,US4461501045,Huntington Bancshares Inc,0.06021%
HBI,US4103451021,Hanesbrands Inc,0.02132%
HBJ,US4116311048,Harcourt Brace Jovanovich,
HBL,US4281821094,Heublein Inc,
HBOC,US4041001094,HBO & Co.,
HCA,US40412C1018,HCA Holdings Inc,0.15812%
HCA (Old),US4041201074,Hospital Corp of America,
HCBK,US4436831071,Hudson City Bancorp Inc,
WELL,US95040Q1040,Welltower Inc,0.12406%
HCP,US40414L1098,HCP Inc.,0.06345%
HCR,US5640551017,Manor Care Inc.,
HD,US4370761029,Home Depot Inc,0.92345%
HD (Hudson),CA4436544056,Hudson Bay Mining & Sme.,
HDLM,US4102521006,Handleman Co.,
HES,US42809H1077,Hess Corp,0.04767%
CZR,US1276861036,Harrah's Entertainment,
HFS,US4041811096,HFS Inc.,
HI (Hou),US4418151076,Household International Inc,
HIA,US4350711051,Holiday Corp,
HIG,US4165151048,Hartford Financial Services Group Inc,0.07568%
HIR,US9316431009,Walker Hiram Gooderham & Worts,
HJ,US4426721019,Howard Johnson Co,
HLT,US43300A2033,Hilton Worldwide Holdings Inc.,0.10184%
HLY,US4360921005,Holly Sugar Corp,
HM,US4376141002,Homestake Mining Co,
HMA,US4219331026,Health Management Associates Inc,
HMX,US4171191046,Hartmarx Corp,
HNG,US4422721005,Houston Natural Gas Corp,
HNZ,US4230741039,H. J. Heinz Company,
HOB,US4337281020,Hobart Corp,
HOG,US4128221086,Harley-Davidson Inc,0.02626%
HOI,US4422811012,Houston Oil & Minerals Corp,
HON,US4385161066,Honeywell International Inc,0.46538%
HON (Old),US4385061076,Honeywell Inc. (Old),
HOT,US85590A4013,Starwood Hotels & Resorts Worldwide Inc,
HP,US4234521015,Helmerich and Payne Inc,0.02397%
HPC,US4270561065,Hercules Inc.,
HPE,US42824C1099,Hewlett Packard Enterprise Co,0.08945%
HPH,US4133451090,Harnischfeger Industries,
HPQ,US40434L1052,HP Inc,0.15454%
HRB,US0936711052,H&R Block Inc,0.02460%
EHC,US29261A1007,HealthSouth Corp.,
HRL,US4404521001,Hormel Foods Corp.,0.05601%
HRS,US4138751056,Harris Corp.,0.07561%
HSH,US4325891095,Hillshire Brands Co,
HSIC,US8064071025,Henry Schein Inc,0.05609%
HSP,US4410601003,Hospira Inc.,
HST,US44107P1049,Host Hotels & Resorts,0.05895%
HSY,US4278661081,Hershey Co,0.07190%
HT (Hug),US4444921021,Hughes Tool Co,
HUM,US4448591028,Humana Inc.,0.18696%
HWR,US9316471013,Hiram Walker Resources,
HXN,US60899Z0013,Hexion Specialty Chemicals,
HYST,US4491681031,Hyster Company,
I (Fir),US3205481001,First Interstate Bancorporation,
IAC,US44919P5089,IAC/InterActiveCorp,
IBM,US4592001014,IBM Corp.,0.49181%
IBP (IBM),US4492231067,IBP Inc,
ICE,US45866F1049,Intercontinental Exchange Inc,0.20382%
ID (Ide),US4516501057,Ideal Toy Corp,
IDL,US4515421042,Ideal Basic Industries Inc,
IFC (Int),US4589161037,Interfirst Corp,
IFF,US4595061015,International Flavors & Fragrances Inc,0.06440%
IGT (Old),US4599021023,International Game Technology plc (Old),
IHRT,US1845021021,iHeartMedia Inc,
IIN (ITT),US4506791056,ITT Corp. (Original),
IK,US4587021076,Interlake Corp,
IKN,US4517131011,IKON Office Solutions Inc,
ILMN,US4523271090,Illumina Inc,0.20991%
IMNX,US4525281022,Immunex Corp.,
IMSI,US4497001036,IMS International Inc,
INA,US4497441018,INA Corp,
INGR (Inte),US4586831095,Intergraph Corp,
INTC,US4581401001,Intel Corp.,1.01880%
INTU,US4612021034,Intuit Inc.,0.24275%
IP,US4601461035,International Paper Co.,0.07785%
IPG,US4606901001,Interpublic Group of Companies Inc,0.03747%
IQ (Que),US7483691058,Questor Corp,
IR,IE00B6330302,Ingersoll-Rand PLC,0.10712%
IRM,US46284V1017,Iron Mountain Inc.,0.04418%
ISRG,US46120E6023,Intuitive Surgical Inc.,0.25989%
FBNI,US3609212093,Furniture Brands International,
ITT,US45073V1089,ITT Inc,
ITT (Old),US4509121004,ITT Corporation (Old),
ITW,US4523081093,Illinois Tool Works Inc,0.18401%
IVZ,BMG491BT1088,Invesco Ltd,0.03345%
JAVA,US8668102036,Sun Microsystems,
JBHT,US4456581077,J. B. Hunt Transport Services Inc.,0.03785%
JBL,US4663131039,Jabil Circuit Inc,
JCI (Old),US4783661071,Johnson Controls (Old),
JCP,US7081601061,J.C. Penney Co Inc,
JEC,US4698141078,Jacobs Engineering Group,0.03315%
JERR,US4765021096,Jerrico Inc,
JH,US4126931033,John H. Harland Co.,
JHF,US41014S1069,John Hancock Financial Services Inc,
JNJ,US4781601046,Johnson & Johnson,1.64682%
JNPR,US48203R1041,Juniper Networks Inc,0.04457%
JNS,US47102X1054,Janus Capital Group,
JNY,US48020T1016,Jones Group,
JOL,US4798981084,Jonathan Logan Inc,
JOS,US4810883003,Jostens Inc.,
JOY,US4811651086,Joy Global Inc.,
JOY (Manuf.),US4812061004,Joy Manufacturing Co,
JP,US4750701082,Jefferson-Pilot Corp.,
JPM,US46625H1005,JPMorgan Chase & Co.,1.54463%
JPM (Old),US6168801008,J. P. Morgan & Co. Inc (Old),
JWC,US9331691041,Jim Walter Corp,
JWL (Jew),US4771961095,Jewel Companies Inc,
JWN,US6556641008,Nordstrom Inc,0.02452%
JWP,US4702321096,JWP Inc.,
K,US4878361082,Kellogg Co.,0.06869%
KATE,US4858651098,Kate Spade & Co,
KBH,US48666K1097,KB Home,
KCC,US4830441030,Kaiser Cement Corp,
KEY,US4932671088,KeyCorp,0.07271%
KFM,US7837713061,Kroehler Manufacturing,
KG,US4955821081,King Pharmaceuticals Inc.,
KHC,US5007541064,Kraft Heinz Co,0.12749%
KIM,US49446R1095,Kimco Realty,0.02915%
KLAC,US4824801009,KLA-Tencor Corp.,0.06482%
KLU,US4831020007,Kaisertech Ltd,
KM,US4825841095,Kmart Corp,
KMB,US4943681035,Kimberly-Clark Corp,0.18810%
KMG (Ker),US4923861078,Kerr-McGee Corp.,
KMI,US49456B1017,Kinder Morgan Inc,0.13890%
KMX,US1431301027,Carmax Inc.,0.05169%
KN (Ken),US4893141048,Kennecott Corp,
KNY,US1911621068,Coca Cola Bottling Co of NY,
KO,US1912161007,The Coca Cola Co.,0.86307%
KOE,US5001701052,Koehring Company,
KOP,US50060P1066,Koppers Holdings Inc,
KORS,VGG607541015,Michael Kors Holdings Ltd,0.02692%
KR,US5010441013,Kroger Co.,0.10441%
KRA (Kra),US5007551030,Kraft Inc,
KRB,US55262L1008,MBNA Corp.,
KRI,US4990401030,Knight-Ridder Inc.,
KSE,US49337W1009,KeySpan Corp,
KSS,US5002551043,Kohl's Corp.,0.05138%
KSU,US4851703029,Kansas City Southern,0.04613%
KWP,US4956671071,King World Productions Inc.,
L,US5404241086,Loews Corp.,0.05925%
LB,US5017971046,L Brands Inc.,0.02674%
LCE,US5422904087,Lone Star Industries Inc,
LDG,US5431621011,Longs Drug Stores Inc,
LDOS,US5253271028,Leidos Holdings Inc,
LI,US50730K5039,Laidlaw Int'l Inc,
LEG,US5246601075,Leggett & Platt Inc,0.02228%
LEHMQ,US5249081002,Lehman Brothers Holding,
LEN,US5260571048,Lennar Corp.,0.05435%
LGT,US5322020091,Liggett Group Inc,
LH,US50540R4092,Laboratory Corp of America Holdings,0.06011%
LIFE (Tech),US53217V1098,Life Technologies Corp,
LINB,US5327631090,LIN Broadcasting Corp,
LIT,US5380211061,Litton Industries Inc,
LKS,US5495771041,Lucky Stores Inc,
LLL,US5024131071,L-3 Comm's Holdings Inc,0.06549%
LLTC,US5356781063,Linear Technology Corp.,
LLX,US5462681033,Louisiana Land & Exploration Co,
LLY,US5324571083,Eli Lilly and Co.,0.51912%
LM,US5249011058,Legg Mason Inc,
LMT,US5398301094,Lockheed Martin Corp.,0.30829%
LNC,US5341871094,Lincoln National Corp,0.05144%
LO,US5441471019,Lorillard Inc.,
LOR,US5438591027,Loral Corp.,
LOTS,US5457001064,Lotus Development Corp,
LOW,US5486611073,Lowe's Companies Inc,0.35253%
LPX,US5463471053,Louisiana-Pacific Corp.,
LRCX,US5128071082,Lam Research Corp,0.10001%
LSI (LSI),US5021611026,LSI Corp,
LST,US5477791082,Lowenstein M. Corp,
LT,US5441571008,Lorimar Telepictures,
LTC (Lea),US5220751003,Leaseway Transportation Corp (Old),
LTV,US5019211003,LTV Corp,
LU,US5494631071,Lucent Technology,
LUB,US5492821013,Luby's Inc,
JEF,US47233W1099,Jefferies Financial Group Inc,0.02298%
LUV,US8447411088,Southwest Airlines Co,0.11193%
LVI,US52736R9380,Levi Strauss & Co,
LVLT,US52729N3089,Level 3 Comm's Inc,
LXK,US5297711070,Lexmark International Inc,
LYB,NL0009434992,LyondellBasell Industries NV,0.12435%
M,US55616P1049,Macy's Inc.,0.04391%
MA,US57636Q1040,Mastercard Inc.,0.81527%
MAC,US5543821012,Macerich,0.02230%
MAI,US5526181004,MA.com Inc,
MAK,US5545283070,Macke Company,
MAN (Man),US4781291095,Manville Corp,
MAR,US5719032022,Marriott International Inc,0.14626%
MAS,US5745991068,Masco Corp.,0.04226%
MAT,US5770811025,Mattel Inc.,0.01622%
MAY,US5777781031,May Dept Stores,
MB (Mil),US6017531061,Milton Bradley Co,
MBI,US55262C1009,MBIA Inc,
MCA,US5526531075,MCA Inc,
MCAWA,US5794681099,McCaw Cellular Comm.,
MCD,US5801351017,McDonald's Corp.,0.65072%
MCHP,US5950171042,Microchip Technology Inc,0.08067%
MCIC,US5526731055,MCI Communications Corp,
MCK,US58155Q1031,McKesson Corp.,0.10184%
MCO,US6153691059,Moody's Corp,0.11109%
MD (McD),US5801691008,McDonnell Douglas Corp.,
MDC (Mar),US5740551099,Maryland Cup Corp,
MDLZ,US6092071058,Mondelez International Inc,0.27676%
MDP,US5894331017,Meredith Corp.,
MDR,PAL1201471A1,McDermott Int'l Inc,
MDT,IE00BTN1Y115,Medtronic PLC,0.58102%
MEA,US5828341074,Mead Corp.,
MEDI,US5846991025,MedImmune Inc.,
MEE,US5762061068,Massey Energy Co.,
MEI (MEI),US5527121017,MEI Diversified Inc,
MEL,US58551A1088,Mellon Financial Corp,
MER,US5901881087,Merrill Lynch & Co,
MERQ,US5894051094,Mercury Interactive Corp,
MET,US59156R1086,MetLife Inc.,0.19247%
MET (Metro),US5916901029,Metromedia Inc,
MF (Mar),US5723421039,Marshall Field & Co,
MFE,US5790641063,McAfee Inc.,
MGI,US60935Y2081,MoneyGram Int'l Inc,
MGM (UA),US5530131037,MGM/UA Entertainment Co,
MGR (McG),US5806281052,McGraw Edison Co,
MHC,US5648091016,Manufacturers Hanover Corp,
SPGI,US78409V1044,S&P Global Inc.,0.20260%
MHK,US6081901042,Mohawk Industries Inc,0.03443%
MHS,US58405U1025,Medco Health Solution Inc,
MHS (Mar.),57163010,Marriott Corp.,
MI,US5718371033,Marshall & Ilsley Corp,
MII,US6193351029,Morton International Inc.,
MIL,US6010731098,Millipore Corp,
MIR (M. R.),US60462E1047,Mirage Resorts Inc,
MIS,US6061911045,Missouri Pacific Corp,
MJN,US5828391061,Mead Johnson Nutrition Co,
MKC,US5797802064,McCormick & Company Inc,0.08074%
MKC (Marion),US5697901081,Marion Merrell Dow,
MKG,US5612321092,Mallinckrodt Inc. (Old),
ML (Mar),US5729001082,Martin Marietta Corp,
MLL,US5547901059,MacMillan Inc,
MLM,US5732841060,Martin Marietta Materials Inc,0.05045%
MLN,US5821031078,McLean Trucking Co,
MMC,US5717481023,Marsh & McLennan Companies Inc,0.19146%
MMI (Mot),US6200971058,Motorola Mobility,
MMM,US88579Y1010,3M Co,0.52777%
MNC (Mas),US5753792010,Masonite Corp,
MNK,IE00BBGT3753,Mallinckrodt plc,
MNR (Man),US5640541042,Manor Care Inc. (Old),
MNST,US61174X1090,Monster Beverage Corp,0.09324%
MO,US02209S1033,Altria Group Inc.,0.44158%
MOB,US6070591028,Mobil Corp.,
MOH (Moh),US6080301020,Mohasco Corp,
MOLX,US6085541018,Molex Inc.,
MON,US61166W1018,Monsanto Co.,
MOS,US61945C1036,Mosaic Co,0.04954%
MPC,US56585A1025,Marathon Petroleum Corp,0.19396%
MRK,US58933Y1055,Merck & Co Inc,0.94545%
MRN,US6184471067,Morrison Knudsen Corp.,
MRO,US5658491064,Marathon Oil Corp.,0.05672%
MS,US6174464486,Morgan Stanley,0.24664%
MSA (Mes),US5906551065,Mesa Petroleum Co,
MSFT,US5949181045,Microsoft Corp.,3.73365%
MSI,US6200763075,Motorola Solutions Inc.,0.08918%
MST,US5875331002,Mercantile Stores Inc,
MTB,US55261F1049,M&T Bank Corp.,0.09560%
MTG,US5528481030,MGIC Investment Corp,
MTI,US2184121042,Morton Thiokol Inc.,
MTL,US5873421060,Mercantile Bancorporation Inc,
MTW,US5635714059,Manitowoc Inc,
MU,US5951121038,Micron Technology Inc,0.16771%
MUR,US6267171022,Murphy Oil Corp,
MWI,US5832041025,Moore Wallace Inc.,
MWW,US6117421072,Monster Worldwide Inc.,
MXIM,US57772K1016,Maxim Integrated Products Inc,0.06617%
MXS,US5777301046,Maxus Energy Corp,
MYG,US5785921074,Maytag Corp.,
MYL,NL0011031208,Mylan NV,0.06717%
MZ,US5987093011,Milacron Inc.,
MZ (Macy),US5561399396,Macy (R. H.) & Co (Old),
N (Inc),CA4532584022,Inco Ltd.,
NAB,US6295271026,Nabisco Inc,
NAC (Nat),US6351281018,National Can Corp,
NAE (Nor),US6554190008,NorAm Energy Corp.,
NAV,US63934E1082,Navistar Int'l Corp,
NAVI,US63938C1080,Navient Corp,
NB,US6295251069,Nabisco Brands Inc,
NBL,US6550441058,Noble Energy Inc.,0.04176%
NBR,BMG6359F1032,Nabors Industries Ltd,
NC,US6295791031,NACCO Industries Inc,
NCC,US6354051038,National City Corp.,
NCE,US64352U1034,New Century Energies Inc,
NCR,US62886E1082,NCR Corp.,
NDAQ,US6311031081,Nasdaq Inc,0.04380%
NE,GB00BFG3KF26,Noble Corp plc,
NEC,US6357711083,National Education Corp,
NEE,US65339F1012,NextEra Energy Inc,0.39527%
NEM,US6516391066,Newmont Mining Corp.,0.08756%
NES (Eng),US6440011095,New England Electric Systems,
NEU,US6515871076,Newmarket Corp,
NFB,US6594241050,North Fork BanCorp,
NFK,65569410,Norfolk & Western Railway Co,
NFLX,US64110L1061,Netflix Inc.,0.55537%
NFX,US6512901082,Newfield Exploration Co.,0.01300%
NG,US6363171090,National Gypsum Co (Old),
NGH,US62952P1021,Nabisco Group Holding Corp,
NI,US65473P1057,NiSource Inc.,0.04382%
AAV,US05349F4028,Avatex Corp (Old),
NKE,US6541061031,Nike Inc.,0.44923%
NL,US6291564077,NL Industries Inc,
NLC (Nal),US6298531020,Nalco Chemical Co,
NLSN,GB00BWFY5505,Nielsen Holdings PLC,0.03861%
NLT,US6291611001,NLT Corp,
NMK,US6535201064,Niagara Mohawk Holdings Inc.,
NOC,US6668071029,Northrop Grumman Corp.,0.20264%
NOV,US6370711011,National Oilwell Varco Inc.,0.04746%
NOVL,US6700061053,Novell Inc,
NOXLB,US6701482043,Noxell,
NRG,US6293775085,NRG Energy Inc,0.05463%
NRT,US6686051086,Norton Co,
NSC,US6558441084,Norfolk Southern Corp.,0.19345%
NSI,US6376572060,National Service Industries Inc,
NSI (Norton),US6687070036,Norton Simon Inc,
NSM (Nat),US6376401039,National Semiconductor,
NT,CA6565685089,Nortel Networks,
NTAP,US64110D1046,NetApp Inc,0.07152%
NTRS,US6658591044,Northern Trust Corp.,0.08780%
NUE,US6703461052,Nucor Corp.,0.07727%
NVDA,US67066G1040,Nvidia Corp.,0.38747%
NVLS (Nove),US6700081010,Novellus Systems Inc,
NWA,US6672804084,Nortwest Airlines,
NWL,US6512291062,Newell Brands Inc,0.03758%
NWS,US65249B2088,News Corp Class B,0.00597%
NWSA,US65249B1098,News Corp Class A,0.02062%
NWT,US6675281033,Northwest Industries Inc,
NXTL,US65332V1035,Nextel Communications Inc,
NYN,US6707681002,Nynex Corp.,
NYT,US6501111073,New York Times Co,
NYX,US6294911010,NYSE Euronext Inc,
O,US7561091049,Realty Income Corp,0.08852%
OAT,US7474021059,Quaker Oats Co,
ODP,US6762201068,Office Depot Inc.,
OI,US6907684038,Owens-Illinois Inc.,
OK,US6798331038,Old Kent Financial Corp,
OKE,US6826801036,ONEOK Inc,0.10591%
OM,US6900201020,Outboard Marine Corp.,
OMC,US6819191064,Omnicom Group Inc,0.07826%
OMC (Mayer),US5778961038,Oscar Mayer & Co Inc,
OMX (Old),US67622M1080,OfficeMax Inc (Old),
ONE,US06423A1034,Bank One Corp.,
ORCL,US68389X1054,Oracle Corp.,0.54718%
ORLY,US67103H1077,O'Reilly Automotive Inc,0.13103%
ORX,US68763F1003,Oryx Energy Co.,
OVT,US6903261039,Overnite Transportation Co,
OC,US6907421019,Owens Corning,
OXY,US6745991058,Occidental Petroleum Corp,0.22051%
PA (Pri),US7415871091,Primerica Corp,
PABT,US6937152030,Pabst Brewing Co,
PAC,US6948901045,Pacific Telesis Group,
PALM,US6966431057,Palm Inc.,
PAS,US71343P2002,Pepsiamericas Inc.,
PAYX,US7043261079,Paychex Inc.,0.09936%
PBCT,US7127041058,People's United Financial Inc,0.02650%
PBD,US7045621072,Peabody International Corp,
PBG,US7134091005,Pepsi Bottling Group Inc.,
PBI,US7244791007,Pitney Bowes Inc,
PBY,US7132781094,"Pep Boys: Manny, Moe & Jack",
PCAR,US6937181088,PACCAR Inc.,0.09478%
PCG,US69331C1080,PG&E Corp.,0.05930%
PCH,US7376301039,PotlatchDeltic Corp,
PCI,US6992161074,Paramount Communications Inc,
PCL,US7292511083,Plum Creek Timber Company,
PCLB,US7414401015,Price Co,
BKNG,US09857L1089,Booking Holdings Inc,0.37942%
PCP,US7401891053,Precision Castparts Corp,
TMUS,US8725901040,T-Mobile US Inc,
PCS (Sprint),US8520615068,Sprint PCS Group,
PD,US7172651025,Phelps Dodge Corp,
PDCO,US7033951036,Patterson Companies,
PDG,CA7259061017,Placer Dome Inc.,
PDQ,US7419171084,Prime Hospitality Corp,
PEG,US7445731067,Public Service Enterprise Group Inc,0.12542%
PEL,US6979261038,PanEnergy Corp.,
PEL (Texas),US8823871038,Texas Eastern Corp,
PEP,US7134481081,PepsiCo Inc.,0.74203%
PET (Old),69423210,Pacific Enterprises,
PETM,US7167681060,PetSmart Inc,
PFE,US7170811035,Pfizer Inc.,1.20024%
PFG,US74251V1026,Principal Financial Group Inc,0.05445%
PG,US7427181091,Procter & Gamble Co,1.08965%
PGL,US7110301063,Peoples Energy Corp,
PGN,US7432631056,Progress Energy Inc.,
PGR,US7433151039,Progressive Corp.,0.16705%
PH,US7010941042,Parker-Hannifin Corp,0.09450%
PHA,US71713U1025,Pharmacia Corp.,
PHB,US7236861016,Pioneer HI Bred International Inc,
PHL (Phi),US7183201042,Philips Industries Inc,
PHM,US7458671010,PulteGroup Inc,0.03189%
PIN (PSI),US6936320026,PSI Resources Inc,
PKI,US7140461093,PerkinElmer Inc,0.04227%
PLD,US74340W1036,Prologis,0.17589%
PLL,US6964293079,Pall Corp.,
PM,US7181721090,Philip Morris International Inc,0.49349%
PMCS,US69344F1066,PMC-Sierra Inc,
PMI (Prem),US7404591023,Premark Int'l Inc,
PN (Pan),US6977571024,Pan Am Corp,
PNC,US6934751057,PNC Financial Services Group Inc,0.25676%
PNR,IE00BLS09M33,Pentair plc,0.02869%
PNU,US7169411094,Pharmacia & Upjohn Inc.,
PNW,US7234841010,Pinnacle West Capital Corp,0.04609%
POM,US7132911022,Pepco Holdings Inc.,
PPG,US6935061076,PPG Industries Inc,0.11669%
PPL,US69351T1060,PPL Corp.,0.09708%
PPW,US59598X0029,Pacificorp,
PRD,US7310951055,Polaroid Corp,
PRGO,IE00BGH1M568,Perrigo Company Plc,0.02368%
PRM (Pri),US20557T1016,Prime Computer Inc.,
PRU,US7443201022,Prudential Financial Inc,0.16009%
PRX (Pur),US7462521052,Purex Industries Inc,
PSA,US74460D1090,Public Storage,0.14446%
PSFT,US7127131065,People Soft Inc,
PSX,US7185461040,Phillips 66,0.17332%
PSY,US7215100063,Pillsbury Co,
PT,US7158251055,Pet Inc,
PAR,US6988841036,PAR Technology Corp,
PTV,US6952571056,Pactiv Corp,
PU,US7457911037,Pullman Inc,
PVH,US6936561009,PVH Corp.,0.03288%
PVN (Fin),US74406A1025,Providian Financial Corp,
PVN,US7440611025,Providian Corp.,
PVT,US7438621044,Provident Companies Inc,
PWER,US73930R1023,Power-One Inc,
PWJ,US6956291057,Paine Webber Group Inc,
PWR,US74762E1029,Quanta Services Inc.,0.02101%
LIN,IE00BZ12WP82,Linde plc,0.40913%
PXD,US7237871071,Pioneer Natural Resources Co,0.10688%
PYPL,US70450Y1038,PayPal Holdings Inc.,0.47188%
PZE,US70931Q1094,PennzEnergy Co.,
Q (Qwe),US7491211097,Qwest Communications Int'l Inc,
QCOM,US7475251036,Qualcomm Inc,0.32823%
QEP,US74733V1008,QEP Resources Inc,
QLGC,US7472771010,QLogic Corp.,
QRVO,US74736K1016,Qorvo Inc,0.03589%
QTRN,US7487671007,Quintiles Transnational Corp,
R,US7835491082,Ryder System Inc,
R (Uni),US9091601032,Uniroyal Inc,
RAD,US7677541044,Rite Aid Corp.,
RAI,US7617131062,Reynolds American Inc.,
RAL,US7512773026,Ralston Purina Co.,
RAM (Ram),US7513281052,Ramada Inc,
RATL,US75409P2020,Rational Software Corp,
RBD,US7810881091,Rubbermaid Inc.,
RBK,US7581101000,Reebok Int'l Ltd,
RCA,US7492851024,RCA Corp,
RCC,US7802401072,Royal Crown Cos Inc,
RCL,LR0008862868,Royal Caribbean Cruises Ltd,0.07974%
RD,US7802578044,Royal Dutch Petroleum,
RDC,GB00B6SLMV12,Rowan Companies plc,
RDS,US7613391009,"Revco, D. S. Inc",
RDMN,US7576421033,Redman Industries Inc,
REGN,US75886F1075,Regeneron Pharmaceuticals Inc.,0.13793%
REN (Rol),US78648R2031,Safety Kleen Corp,
REV,US7615256093,Revlon Inc,
REX (Rex),US76168R1086,Rexnord Inc,
RF,US7591EP1005,Regions Financial Corp.,0.06553%
RHI,US7703231032,Robert Half Int'l Inc,0.03253%
RHT,US7565771026,Red Hat Inc.,0.14823%
RIG,CH0048265513,Transocean Ltd,
RJR,74960L10,RJR Nabisco Inc,
RL,US7512121010,Ralph Lauren Corp,0.02695%
RLGY,US75605Y1064,Realogy Holdings Corp,
RLM,US7617631012,Reynolds Metals Co,
RM (Rol),US7757841017,Rolm Corp,
RML,US7823521080,Russell Corp.,
RNB,US7607191043,Republic New York Corp,
ROH,US7753711073,Rohm & Hass Co,
ROK,US7739031091,Rockwell Automation Inc.,0.08623%
ROP,US7766961061,Roper Technologies Inc,0.13153%
ROST,US7782961038,Ross Stores Inc,0.14745%
RRC,US75281A1097,Range Resources Corp.,
RRD,US2578672006,RR Donnelley & Sons Co,
RS (Rep),US7607790091,Republic Steel Corp,
RSG,US7607591002,Republic Services Inc.,0.07480%
RSH,US74979E1010,RadioShack Corp.,
RTN,US7551115071,Raytheon Co.,0.20774%
RVB,US7614061072,Revere Copper & Brass Inc,
RVS,US7585561043,Reeves Brothers Inc,
IMS,US4499341083,IMS Health Holdings Inc,
RYAN,US7835201093,Ryan's Restaurant,
RYC,US7546031086,Raychem Corp.,
RYI,US7837541041,Ryerson Holding Corp,
RYN (Rya),US7834981083,Ryan Homes Inc,
S,US85207U1051,Sprint Corp,
S (Sears),US8123871084,Sears Roebuck & Co,
SA,US7865141094,Safeway Stores Inc,
SAA,US7998501024,Sanders Associates Inc,
SAF,US7864291007,Safeco Corp.,
SAF (Santa),US8020371014,Santa Fe International Corp,
SAI,US8669301009,Sunamerica Inc.,
SANM,US8010561020,Sanmina Corp.,
SAPE,US8030621085,Sapient Corp.,
SB (Sta),US8531391006,Standard Brands Inc,
SB (Salomon),US1730730082,Salomon Inc.,
SBL,US8715081076,Symbol Technologies Inc,
SBUX,US8552441094,Starbucks Corp.,0.37981%
SCG,US80589M1027,SCANA Corp.,0.03282%
SCHW,US8085131055,Charles Schwab Corp.,0.23715%
SCI (Sto),US8621339311,Storer Communications Inc,
SCI (Coast),US8115171006,Seaboard Coast Line Industries,
SCV,US7838781018,SCA Services Inc,
SDS,US8673631037,Sungard Data Systems Inc,
SE,US8475601097,Spectra Energy Corp.,
SE (7-E),US8178262098,7-Eleven Inc,
SEBL,US8261701028,Siebel Systems Inc.,
SED,US8152461039,SEDCO Inc,
SEE,US81211K1007,Sealed Air Corp.,0.02552%
SEG,US8118041032,Seagate Technology (Old),
SFA,US8086551046,Scientific-Atlanta Inc,
SFF,US8020201070,Santa Fe Industries Inc.,
SFN (SFN),US7841501049,SFN Companies Inc,
SFS (Sant),US80218K1051,Santa Fe Snyder Corp.,
SFX,US8021831032,Santa FE Pac Corp,
SGI (Old),US8270561025,Silicon Graphics Inc (Old),
SGL,US8684469310,Supermarkets General Corp,
SGN,US8266221022,Signal Companies Inc,
SGP,US8066051017,Schering-Plough Corp.,
SHLD,US8123501061,Sears Holdings Corp,
SHN,US8250391005,Shoney's Inc.,
SHW,US8243481061,Sherwin-Williams Co.,0.15440%
SIAL,US8265521018,Sigma-Aldrich Corp.,
SIG,BMG812761002,Signet Jewelers Ltd,
SII,US8321101003,Smith Int'l Inc,
SJM,US8326964058,J. M. Smucker Co,0.05093%
SJO,US7901551058,St. Joe Minerals Corp,
SK (Old),US7864841058,Safety Kleen Corp (Old),
SKB,US8323771050,Smithkline Beckman Corp,
SKY,US8308301055,Skyline Champion Corp,
SLB,AN8068571086,Schlumberger NV,0.23773%
SLG,US78440X1019,SL Green Realty,0.03174%
SLM,US78442P1066,SLM Corp.,
SLR,US8341821077,Solectron Corp.,
SLZ,US8068231005,Schlitz Jos Brewing Co,
SMB,US8670680094,Sunbeam Corp (Old),
SMF (Sin),US0887749481,Singer Co.,
SMI,US8517831009,Springs Industries Inc.,
SMS,US8194861014,Shared Medical Systems Corp,
SNA,US8330341012,Snap-On Inc.,0.03830%
SNC,US8204841030,Shawmut National Corp.,
SNDK,US80004C1018,SanDisk Corp,
SNI,US8110651010,Scripps Networks Interactive Inc,
SNT,US8354151008,Sonat Inc.,
SNV,US87161C5013,Synovus Financial Corp.,
SO,US8425871071,Southern Co.,0.21501%
SOC (Sup),US8682731034,Superior Oil Co,
SOTR,US8447301016,SouthTrust Corp,
SOV,US8459051087,Sovereign Bancorp Inc,
SOV (Sovran),84610410,Sovran Financial Corp.,
SPC,US8148231009,Security Pacific Corp,
SPG,US8288061091,Simon Property Group,0.24723%
SPLS,US8550301027,Staples Inc.,
SPP,US8098771038,Scott Paper Co.,
SPXC,US7846351044,SPX Corp.,
SQB,US8522451090,Squibb Corp,
SQD,US8522061014,Square D Co,
SR (Sou),US6558550058,Southern Railway Co,
SRCL,US8589121081,Stericycle Inc.,
SRD,US8537341013,Standard Oil Co Ohio,
SRE,US8168511090,Sempra Energy,0.14087%
SRL,US8123021078,Searle G. D. & Co,
SRR,US8633141002,Stride Rite Corp.,
SRT (St.),US7934531010,St. Regis Corp,
SCI,US8175651046,Service Corp. Int'l,
SSP,US8110544025,E. W. Scripps Co,
STF,US8577211043,Stauffer Chemical Co,
STI,US8679141031,SunTrust Banks Inc,0.10783%
STJ,US7908491035,St. Jude Medical Inc,
STK,US8621112007,Storage Technology Corp,
STN (J. ),US8601630051,J. P. Stevens & Co,
STO,US8615891095,Stone Container Corp.,
STR,US7483561020,Questar Corp.,
STT,US8574771031,State Street Corp.,0.11403%
STX,IE00B58JVZ52,Seagate Technology plc,0.04696%
STY,US8592641034,Sterling Drug Inc,
STZ,US21036P1084,Constellation Brands Inc,0.12672%
SUB,US8660051017,Summit Bancorp,
SUN (Sun),US86764P1093,Sunoco Inc (Old),
SUNEQ,US86732Y1091,SunEdison Inc,
SUO,US8226350093,Shell Oil Co,
SVC (Sto),US8615040099,Stokely-Van Camp Inc,
SVU,US8685361037,Supervalu Inc.,
SWK,US8545021011,Stanley Black & Decker Inc,0.08584%
SWKS,US83088M1027,Skyworks Solutions Inc.,0.05589%
SWN,US8454671095,Southwestern Energy Co,
SWY,US7865142084,Safeway Inc.,
SX,84357110,Southern Pacific Co,
SY (Spe),US8483551037,Sperry Corp,
SYF,US87165B1035,Synchrony Financial,0.07381%
SYK,US8636671013,Stryker Corp.,0.23163%
SYMC,US8715031089,Symantec Corp.,0.05743%
SYN (Syn),PA8716161080,Syntex Corp,
SYY,US8718291078,Sysco Corp.,0.14287%
T,US00206R1023,AT&T Inc.,0.98800%
T (Old),US0019575051,AT&T Corp. (Old),
TA,US8934851028,Transamerica Corp.,
TAP,US60871R2094,Molson Coors Brewing Co.,0.05025%
TAP.B,US89420G1094,Travelers Property Casualty,
TCB (Tex),US8823151043,Texas Commerce Bancshares Inc,
TCOMA,US87924V1017,Tele Communications Inc,
TDC,US88076W1036,Teradata Corp.,
TDM,US8753701080,Tandem Computers Inc.,
TE,US8723751009,TECO Energy Inc,
TEG,US45822P1057,Integrys Energy Group,
TEK,US8791311009,Tektronix Inc.,
TEL,CH0102993182,TE Connectivity Ltd,0.12332%
TEN,US8803491054,Tenneco Inc.,
TER,US8807701029,Teradyne Inc,
TEX,US8807791038,Terex Corp.,
TF,US9012210020,Twentieth Century Fox Film Corp,
TFB,US8736351060,Taft Broadcasting Co,
TG (Tex),US8828871025,Texasgulf Inc,
TGNA,US87901J1051,TEGNA Inc,
TGR,US8867351095,Tiger International,
TGT,US87612E1064,Target Corp.,0.16391%
THC,US88033G4073,Tenet Healthcare Corp.,
THY,US8937191042,Transitional Hospitals Corp,
TIC,US8941801081,Travelers Corp,
TIE,US8883392073,Titanium Metal Corp,
TIF,US8865471085,Tiffany & Co.,0.04072%
TIN,US8798681073,Temple-Inland Inc.,
TJX,US8725401090,TJX Companies Inc.,0.26345%
TKA,US8902781041,Tonka Corp,
TKR,US8873891043,Timken Co.,
TLAB,US8796641004,Tellabs Inc.,
TMC.A,US8873641075,Times Mirror Co Share,
TMK,US8910271043,Torchmark Corp.,0.03570%
TMO,US8835561023,Thermo Fisher Scientific Inc,0.42866%
TNB,US8843151023,Thomas & Betts Corp,
TOS,US8914903021,Tosco Corp.,
TOY,US8923351006,"Toys ""R"" Us, Inc.",
TRA (Tra),US8928921001,Trane Company,
TRCO,US8960475031,Tribune Media Co,
TRIP,US8969452015,TripAdvisor Inc,0.02694%
TROW,US74144T1088,T. Rowe Price Group Inc,0.10488%
TRR (Tra),US8923492008,Tracor Inc (Old),
TRV,US89417E1091,Travelers Companies Inc,0.15060%
TRW (TRW),US8726491082,TRW Inc.,
TSCO,US8923561067,Tractor Supply Co.,0.04905%
TSG,US7859051002,Sabre Holdings Corp,
TSN,US9024941034,Tyson Foods Inc,0.07565%
ANDV,US03349M1053,Andeavor,
TSS,US8919061098,Total System Services Inc,0.06496%
TT,US8928931083,Trane Inc.,
TUP,US8998961044,Tupperware Brands Corp,
TWC,US88732J2078,Time Warner Cable Inc.,
TWX,US8873173038,Time Warner Inc.,
TWX (Old),US8873151091,Time Warner Inc. (Old),
TX,US8816941038,Texaco Inc.,
TXG,US8824400019,Texas Gas Resources Corp,
TXN,US8825081040,Texas Instruments Inc,0.43190%
TXO,US8825931061,Texas Oil & Gas Corp,
TXT,US8832031012,Textron Inc.,0.05281%
TXU,US8731681081,TXU Corp.,
TXU (Gas),US8731701046,TXU Gas Co.,
JCI,IE00BY7QL619,Johnson Controls International plc,0.13096%
TYM,US9023841060,Tymshare Inc,
U,US9119051079,US Airways Group (Old),
UA.A,US9043111072,Under Armour Class A,0.01564%
UAL,US9100471096,United Continental Holdings Inc,0.09146%
UAL (Old),US9025495006,UAL Corp,
UCC,US9055301017,Union Camp Corp.,
UCL,US9152891027,Unocal Co,
UCM,US9060421065,Unicom Corp Holding Co,
UCT,US9096951085,United Cable Television,
UD,US9046711043,Unidynamics Corp,
UDR,US9026531049,UDR Inc,0.05194%
UH,US9119201062,U.S. Home Corp,
UHS,US9139031002,Universal Health Services Inc,0.04672%
UIS,US9092143067,Unisys Corp.,
UK,US9055811049,Union Carbide Corp Holding Co,
UMG,US58440J1043,MediaOne Group Inc.,
UN,US9047847093,Unilever N.V.,
UNH,US91324P1021,UnitedHealth Group Inc,1.14000%
UNM,US91529Y1064,Unum Group,0.03120%
UNP,US9078181081,Union Pacific Corp,0.48460%
UPC,US9080681094,Union Planters Corp.,
UPJ,91530210,Upjohn Co.,
UPR,US9078341057,Union Pacific Resources Group Inc,
UPS,US9113121068,United Parcel Service Inc,0.32227%
URBN,US9170471026,Urban Outfitters Inc,
URI,US9113631090,United Rentals Inc,0.03938%
USB,US9029733048,U.S. Bancorp,0.33007%
USB (FBS),91159610,U.S. Bancorp (First Bank),
USBC,US9115961040,United States Bancorp (Orig),
USG,US9032934054,USG Corp,
USH,US9173181077,USLife Corp.,
USHC,US9119101072,United States Healthcare Inc,
USS,US9127071069,United States Surgical Corp,
UST,US9029111062,UST Inc.,
USW,US91299X9322,US West Inc.,
UTX,US9130171096,United Technologies Corp,0.41087%
UVN,US9149061023,Univision Comm Inc,
V,US92826C8394,Visa Inc.,1.10286%
VAR,US92220P1057,Varian Medical Systems Inc,0.04833%
VAT,US92224R6027,Varity Corp.,
VC,US92839U2069,Visteon Corp.,
VEL,US9278041044,Virginia Electric & Power Co,
VFC,US9182041080,VF Corp,0.11066%
VIAB,US92553P2011,Viacom Inc.,0.04314%
VIAV,US9255501051,VIAVI Solutions Inc,
VLO,US91913Y1001,Valero Energy Corp,0.15089%
VMC,US9291601097,Vulcan Materials Co,0.06186%
VNO,US9290421091,Vornado Realty Trust,0.05105%
VO,CA8118501060,Seagram Co. Ltd.,
VRSK,US92345Y1064,Verisk Analytics Inc,0.08543%
VRSN,US92343E1029,Verisign Inc.,0.07573%
VRTS (Veri),US9234361098,Veritas Software Corp,
VRTX,US92532F1003,Vertex Pharmaceuticals Inc.,0.20164%
VTR,US92276F1003,Ventas Inc.,0.09937%
VTSS,US9284973040,Vitesse Semiconductor Corp,
VZ,US92343V1044,Verizon Communications Inc,1.10531%
WAI,US9576741048,Western Atlas Inc.,
WMIH,US92936P1003,WMIH Corp,
WANG,US9336961068,Wang Laboratories Inc,
WAT,US9418481035,Waters Corp.,0.06746%
WB,US9299031024,Wachovia Corp.,
WB (Old),US9297711031,Wachovia Corp (Old),
WBA,US9314271084,Walgreens Boots Alliance Inc,0.26140%
WCI,US9344361061,Warner Communications Inc,
WCOM,US98157D1063,WorldCom Inc,
WDC,US9581021055,Western Digital Corp,0.05028%
WEAR,US7409091060,PremiumWear Inc,
WEC,US92939U1060,WEC Energy Group Inc,0.10410%
WEN,US9505901093,Wendy's International,
WETT,US9618961075,Wetterau Inc,
WFC,US9497461015,Wells Fargo & Co,0.92891%
WFC (Old),US9497401045,Wells Fargo & Co. (Old),
WFI,US9628982012,Wheelabrator Frye Inc,
WFM,US9668371068,Whole Foods Market Inc,
WFT,IE00BLNN3691,Weatherford Int'l plc,
WH,US9640661008,White Motor Corp,
WHR,US9633201069,Whirlpool Corp.,0.03238%
WHX,US9292484097,WHX Corp,
WIN,US97382A3095,Windstream Holdings Inc,
WIN (W-D),US9742801098,Winn-Dixie Stores Inc (Old),
WLA,US9344881076,Warner Lambert Pharmaceutical Co,
WLB,US9608781061,Westmoreland Coal Co,
WLL (Wil),US9691331071,Willamette Industries Inc,
WLP,US94973H1086,Wellpoint Health Networks Inc,
WLTW,IE00BDB6Q211,Willis Towers Watson,0.09445%
WM,US94106L1098,Waste Management Inc.,0.16603%
WMX,US94106K1016,Waste Management Inc. (Old),
WMB,US9694571004,Williams Companies Inc,0.12701%
WMT,US9311421039,Wal-Mart Stores Inc,0.63096%
WOR,US9818111026,Worthington Industries Inc,
WPC (Wis),97665710,Wisconsin Electric Power,
WPM,US9554651094,West Point-Pepperell,
WPX,US98212B1035,WPX Energy Inc,
WRC,US9343911031,Warnaco Inc,
WRK,US96145D1054,WestRock Co,0.04618%
WS (War),US9344081057,Warner & Swasey Co,
WSN,US9580434085,Western Company of North America,
WSW,US9636261060,White Consolidated Indust. Inc,
WU,US9598021098,Western Union Co.,0.03536%
WWY,US9825261053,Wrigley Co.,
WY,US9621661043,Weyerhaeuser Co,0.07777%
WYE,US9830241009,Wyeth Corp.,
WYN,US98310W1080,Wyndham Worldwide Corp,
WYNN,US9831341071,Wynn Resorts Ltd,0.04603%
X,US9129091081,United States Steel Corp,
X (Old),90337T10,USX Corporation,
XEC,US1717981013,Cimarex Energy Co,0.02866%
XEL,US98389B1008,Xcel Energy Inc.,0.12050%
XL,BMG982941046,XL Group Ltd,
XLNX,US9839191015,Xilinx Inc.,0.10254%
XLO,US3005871021,Ex-Cell-O Corp,
XOM,US30231G1022,Exxon Mobil Corp.,1.37368%
XRAY,US24906P1093,Dentsply Sirona Inc,0.03968%
XRX,US9841216081,Xerox Corp.,0.01936%
XTO,US98385X1063,XTO Energy Inc.,
XYL,US98419M1009,Xylem Inc.,0.05674%
YHOO,US9843321061,Yahoo! Inc,
YRCW,US9842496070,YRC Worldwide Inc.,
YUM,US9884981013,Yum! Brands Inc.,0.13659%
ZB,US2286690084,Crown Zellerbach Corp,
ZBH,US98956P1021,Zimmer Biomet Holdings Inc,0.10114%
ZE,US9893491053,Zenith Electronics Corp,
ZION,US9897011071,Zions Bancorp,0.03703%
ZRN,US9898241073,Zurn Industries Inc,
ZTS,US98978V1035,Zoetis Inc,0.19601%
YNR,US9874251054,Young & Rubicam Inc,
GHC (Galen),US3632331076,Galen Health Care Inc,
TFD,US8858681096,Thrifty Corp,
REE,US7594571041,Reliance Electric Co,
HOLX,US4364401012,Hologic Inc,0.05182%
CNC,US15135B1017,Centene Corp,0.11205%
DLR,US2538681030,Digital Realty Trust,0.10458%
ULTA,US90384S3031,Ulta Salon Cosmetics & Fragrance Inc,0.06573%
TDG,US8936411003,TransDigm Group,0.07910%
GPN,US37940X1028,Global Payments Inc,0.07748%
AYI,US00508Y1029,Acuity Brands Inc,
LKQ,US5018892084,LKQ Corp,0.03594%
FBHS,US34964C1062,Fortune Brands Home & Security Inc,0.02548%
AJG,US3635761097,Arthur J. Gallagher & Co,0.06406%
ALK,US0116591092,Alaska Air Group,0.03482%
UA,US9043112062,Under Armour Inc Class C,0.01476%
COO,US2166484020,The Cooper Companies Inc,0.06007%
CHTR,US16119P1084,Charter Communications Inc,0.23900%
MTD,US5926881054,Mettler-Toledo Int'l Inc,0.06725%
FTV,US34959J1088,Fortive Corp,0.09428%
LNT,US0188021085,Alliant Energy Corp,0.04787%
ALB,US0126531013,Albemarle Corp,0.03888%
COTY,US2220702037,Coty Inc,0.01472%
MAA,US59522J1034,Mid-America Apartment Communities,0.05244%
EVHC,US29414D1000,Envision Healthcare Holdings Inc,
ARNC,US03965L1008,Arconic Inc,0.03508%
RJF,US7547301090,Raymond James Financial Inc,0.04547%
ARE,US0152711091,Alexandria Real Estate Equities,0.05898%
SNPS,US8716071076,Synopsys Inc,0.06039%
DISH,US25470M1099,DISH Network Corp,0.02776%
REG,US7588491032,Regency Centers,0.04732%
CBOE,US12503M1080,CBOE Holdings Inc,0.05289%
INCY,US45337C1027,Incyte Corp,0.05368%
IDXX,US45168D1046,IDEXX Laboratories Inc,0.07548%
IT,US3666511072,Gartner Inc,0.05560%
DXC,US23355L1061,DXC Technology,0.07151%
RE,BMG3223R1088,Everest Re Group Ltd,0.04280%
ALGN,US0162551016,Align Technology Inc.,0.07230%
ANSS,US03662Q1058,ANSYS Inc.,0.05621%
INFO,BMG475671050,IHS Markit Ltd.,0.08187%
CDNS,US1273871087,Cadence Design Systems Inc,0.05841%
SBAC,US78410G1040,SBA Comm's Corp,0.08663%
IQV,US46266C1053,IQVIA Holdings Inc,0.08758%
BHF,US10922N1037,Brighthouse Financial Inc,0.01640%
MGM,US5529531015,MGM Resorts International,0.05782%
RMD,US7611521078,ResMed Inc.,0.07698%
PKG,US6951561090,Packaging Corp of America,0.03757%
AOS,US8318652091,A. O. Smith Corp,0.02846%
DRE,US2644115055,Duke Realty,0.04421%
NCLH,BMG667211046,Norwegian Cruise Line Holdings Ltd,0.04503%
HII,US4464131063,Huntington Ingalls Industries Inc.,0.03958%
TTWO,US8740541094,Take-Two Interactive Software Inc.,0.05583%
SIVB,US78486Q1013,SVB Financial Group,0.04859%
NKTR,US6402681083,Nektar Therapeutics,0.02699%
IPGP,US44980X1090,IPG Photonics Corp,0.01911%
MSCI,US55354G1004,MSCI Inc,0.06138%
ABMD,US0036541003,ABIOMED Inc,0.06953%
EVRG,US30034W1062,Evergy Inc,0.07117%
TWTR,US90184L1026,Twitter Inc,0.09889%
FLT,US3390411052,FleetCor Technologies Inc,0.07890%
HFC,US4361061082,HollyFrontier Corp,0.03847%
BR,US11133T1034,Broadridge Financial Solutions Inc,0.05406%
CPRT,US2172041061,Copart Inc,0.04662%
ANET,US0404131064,Arista Networks Inc,0.05284%
WCG,US94946T1060,WellCare Health Plans Inc,0.05617%
ROL,US7757111049,Rollins Inc,0.02520%
FTNT,US34959E1091,Fortinet Inc,0.04897%
JKHY,US4262811015,Jack Henry & Associates Inc,0.04715%
KEYS,US49338L1035,Keysight Technologies Inc,0.05509%
CE,US1508701034,Celanese Corp,0.05715%
FANG,US25278X1090,Diamondback Energy Inc,0.06803%
LW,US5132721045,Lamb Weston Holdings Inc,0.05119%
